{
"small": { 
    "gamma": 0.99999999999999994
    },
"medium": {
    "gamma": 0.99999999999999994
    },
"big": {
    "gamma": 0.99999999999999994
    }
}